[
  {
    "school": "San Diego State University",
    "degree": "B.S. Aerospace Engineering (Minors: Mathematics & Computer Science)",
    "location": "San Diego, CA",
    "start": "2023",
    "end": "May 2027",
    "summary": "5\u00d7 Dean\u2019s List Honoree; coursework in aero/structures/controls; hands\u2011on in EV systems and research.",
    "coursework": [
      "Aerodynamics",
      "Structures",
      "Controls",
      "Data Structures",
      "Signals & Systems",
      "Computer Networks"
    ],
    "highlights": [
      "Dean\u2019s List (5\u00d7)"
    ],
    "awards": []
  }
]