[
  {
    "title": "Undergraduate Researcher",
    "company": "San Diego State University",
    "location": "San Diego, CA",
    "start": "01/2025",
    "end": null,
    "years": 1,
    "tags": [
      "aero"
    ],
    "highlights": [
      "Conduct aerodynamic research under Dr. Luciano Demasi (top 2% cited aerospace engineering author).",
      "Analyze unsteady aerodynamics, wing structures, and aeroelastic effects using computational and experimental methods.",
      "Author and format technical research papers in LaTeX (MiKTeX)."
    ]
  },
  {
    "title": "Founder & President",
    "company": "Muslim Tech Collaborative (MTC)",
    "location": "San Diego, CA",
    "start": "07/2024",
    "end": null,
    "years": 1,
    "tags": [
      "leadership",
      "ops"
    ],
    "highlights": [
      "Founded and scaled a professional development network to 50+ active members.",
      "Directed operations including marketing, recruitment, and funding strategies.",
      "Coordinated employer panels and career workshops."
    ]
  },
  {
    "title": "President / VP / Energy Storage Team Lead",
    "company": "Aztec Electric Racing (FSAE)",
    "location": "San Diego, CA",
    "start": "07/2023",
    "end": null,
    "years": 2,
    "tags": [
      "leadership",
      "hv",
      "ops"
    ],
    "highlights": [
      "Lead a 200+ member FSAE electric team across project management, operations, and budget planning.",
      "Established the team\u2019s first operations framework for sponsorships, outreach, safety, and recruitment.",
      "Researched, designed, and fabricated high\u2011voltage tractive battery; \u22128% weight, \u221270% wiring complexity, \u221215% losses; increased overall efficiency.",
      "Developed documentation and validation standards for future subsystem designs and manufacturing."
    ]
  },
  {
    "title": "Integrated Management System Intern",
    "company": "NASA (Kennedy Space Center)",
    "location": "Merritt Island, FL",
    "start": "06/2023",
    "end": "08/2023",
    "years": 0,
    "tags": [
      "ops",
      "leadership"
    ],
    "highlights": [
      "Streamlined documentation workflows for NASA\u2019s Integrated Management System team and supported compliance audits.",
      "Maintained internal web applications for document control; improved efficiency by ~10%.",
      "Authored technical memos, data sheets, and procedural updates; earned 8 NASA certifications."
    ]
  },
  {
    "title": "Project Manager",
    "company": "ASME \u2014 SDSU Chapter",
    "location": "San Diego, CA",
    "start": "06/2023",
    "end": "05/2024",
    "years": 1,
    "tags": [
      "leadership",
      "ops"
    ],
    "highlights": [
      "Directed a 4\u2011part project plan and led general body meetings.",
      "Implemented project tracking and design documentation tools.",
      "Led IAM3D Drone Competition effort; placed 4th internationally.",
      "Managed procurement, budgeting, and travel logistics."
    ]
  }
]