[
  {
    "id": "p-battery",
    "title": "FSAE HV Tractive Battery System",
    "summary": "Researched, designed, and fabricated a high\u2011voltage tractive battery with control systems integration for Aztec Electric Racing.",
    "description": "Led energy storage design: reduced mass by ~8%, simplified wiring by ~70%, and lowered system losses by ~15% through topology updates, documentation standards, and validation procedures. Integrated safety, monitoring, and serviceability considerations.",
    "image": "assets/sample-project-1.jpg",
    "tags": [
      "High Voltage",
      "Controls",
      "EV",
      "FSAE"
    ],
    "year": 2025,
    "gallery": [
      "assets/sample-project-1.jpg"
    ]
  },
  {
    "id": "p-aero",
    "title": "Unsteady Aerodynamics Research",
    "summary": "Analyzed unsteady aerodynamics, wing structures, and aeroelastic effects using computational and experimental methods.",
    "description": "Under Dr. Luciano Demasi, contributed to studies on aeroelasticity and unsteady flow; authored/edited papers in LaTeX (MiKTeX) and managed data and experiment documentation.",
    "image": "assets/sample-project-2.jpg",
    "tags": [
      "Aeroelasticity",
      "Research",
      "LaTeX"
    ],
    "year": 2025,
    "gallery": [
      "assets/sample-project-2.jpg"
    ]
  },
  {
    "id": "p-iam3d",
    "title": "IAM3D Drone Competition",
    "summary": "Project manager for SDSU ASME team; placed 4th internationally.",
    "description": "Coordinated procurement, budgeting, and design documentation; led meetings and implemented project tracking for multidisciplinary team delivery.",
    "image": "assets/sample-project-3.jpg",
    "tags": [
      "Leadership",
      "UAS",
      "Project Management"
    ],
    "year": 2024,
    "gallery": [
      "assets/sample-project-3.jpg"
    ]
  }
]